timestamp,kernel,impl,size,run_index,elapsed_ms,command
2026-08-04T22:35:54Z,mm,rust-gpu,5000,1,208.740,"/home/kranex/dev/rust-metaprogramming/target/debug/demo mm 5000"
2026-08-04T22:35:55Z,mm,rust-gpu,5000,2,196.838,"/home/kranex/dev/rust-metaprogramming/target/debug/demo mm 5000"
2026-08-04T22:35:56Z,mm,rust-gpu,5000,3,193.966,"/home/kranex/dev/rust-metaprogramming/target/debug/demo mm 5000"
2026-08-04T22:35:57Z,mm,rust-gpu,5000,4,193.793,"/home/kranex/dev/rust-metaprogramming/target/debug/demo mm 5000"
2026-08-04T22:35:59Z,mm,rust-gpu,5000,5,196.416,"/home/kranex/dev/rust-metaprogramming/target/debug/demo mm 5000"
2026-08-04T22:36:00Z,mm,rust-gpu,5000,6,196.301,"/home/kranex/dev/rust-metaprogramming/target/debug/demo mm 5000"
2026-08-04T22:36:01Z,mm,rust-gpu,5000,7,191.231,"/home/kranex/dev/rust-metaprogramming/target/debug/demo mm 5000"
2026-08-04T22:36:02Z,mm,rust-gpu,5000,8,189.436,"/home/kranex/dev/rust-metaprogramming/target/debug/demo mm 5000"
2026-08-04T22:36:04Z,mm,rust-gpu,5000,9,188.525,"/home/kranex/dev/rust-metaprogramming/target/debug/demo mm 5000"
2026-08-04T22:36:05Z,mm,rust-gpu,5000,10,189.103,"/home/kranex/dev/rust-metaprogramming/target/debug/demo mm 5000"
2026-08-04T22:36:06Z,mm,rust-gpu,5000,11,192.203,"/home/kranex/dev/rust-metaprogramming/target/debug/demo mm 5000"
2026-08-04T22:36:07Z,mm,rust-gpu,5000,12,194.859,"/home/kranex/dev/rust-metaprogramming/target/debug/demo mm 5000"
2026-08-04T22:36:08Z,mm,rust-gpu,5000,13,194.987,"/home/kranex/dev/rust-metaprogramming/target/debug/demo mm 5000"
2026-08-04T22:36:09Z,mm,rust-gpu,5000,14,195.394,"/home/kranex/dev/rust-metaprogramming/target/debug/demo mm 5000"
2026-08-04T22:36:11Z,mm,rust-gpu,5000,15,189.262,"/home/kranex/dev/rust-metaprogramming/target/debug/demo mm 5000"
2026-08-04T22:36:12Z,mm,rust-gpu,5000,16,187.514,"/home/kranex/dev/rust-metaprogramming/target/debug/demo mm 5000"
2026-08-04T22:36:13Z,mm,rust-gpu,5000,17,187.100,"/home/kranex/dev/rust-metaprogramming/target/debug/demo mm 5000"
2026-08-04T22:36:14Z,mm,rust-gpu,5000,18,189.917,"/home/kranex/dev/rust-metaprogramming/target/debug/demo mm 5000"
2026-08-04T22:36:15Z,mm,rust-gpu,5000,19,195.038,"/home/kranex/dev/rust-metaprogramming/target/debug/demo mm 5000"
2026-08-04T22:36:17Z,mm,rust-gpu,5000,20,192.251,"/home/kranex/dev/rust-metaprogramming/target/debug/demo mm 5000"
2026-08-04T22:36:18Z,mm,rust-gpu,5000,21,196.464,"/home/kranex/dev/rust-metaprogramming/target/debug/demo mm 5000"
2026-08-04T22:36:19Z,mm,rust-gpu,5000,22,195.803,"/home/kranex/dev/rust-metaprogramming/target/debug/demo mm 5000"
2026-08-04T22:36:20Z,mm,rust-gpu,5000,23,190.152,"/home/kranex/dev/rust-metaprogramming/target/debug/demo mm 5000"
2026-08-04T22:36:21Z,mm,rust-gpu,5000,24,190.105,"/home/kranex/dev/rust-metaprogramming/target/debug/demo mm 5000"
2026-08-04T22:36:23Z,mm,rust-gpu,5000,25,189.574,"/home/kranex/dev/rust-metaprogramming/target/debug/demo mm 5000"
2026-08-04T22:36:24Z,mm,rust-gpu,5000,26,189.516,"/home/kranex/dev/rust-metaprogramming/target/debug/demo mm 5000"
2026-08-04T22:36:25Z,mm,rust-gpu,5000,27,188.392,"/home/kranex/dev/rust-metaprogramming/target/debug/demo mm 5000"
2026-08-04T22:36:26Z,mm,rust-gpu,5000,28,196.088,"/home/kranex/dev/rust-metaprogramming/target/debug/demo mm 5000"
2026-08-04T22:36:27Z,mm,rust-gpu,5000,29,197.023,"/home/kranex/dev/rust-metaprogramming/target/debug/demo mm 5000"
2026-08-04T22:36:29Z,mm,rust-gpu,5000,30,194.137,"/home/kranex/dev/rust-metaprogramming/target/debug/demo mm 5000"
2026-08-04T22:36:29Z,mm,cuda,5000,1,217.486,"/home/kranex/dev/rust-metaprogramming/examples/bin/mm 5000"
2026-08-04T22:36:30Z,mm,cuda,5000,2,217.097,"/home/kranex/dev/rust-metaprogramming/examples/bin/mm 5000"
2026-08-04T22:36:31Z,mm,cuda,5000,3,216.087,"/home/kranex/dev/rust-metaprogramming/examples/bin/mm 5000"
2026-08-04T22:36:32Z,mm,cuda,5000,4,216.760,"/home/kranex/dev/rust-metaprogramming/examples/bin/mm 5000"
2026-08-04T22:36:32Z,mm,cuda,5000,5,216.663,"/home/kranex/dev/rust-metaprogramming/examples/bin/mm 5000"
2026-08-04T22:36:33Z,mm,cuda,5000,6,214.796,"/home/kranex/dev/rust-metaprogramming/examples/bin/mm 5000"
2026-08-04T22:36:34Z,mm,cuda,5000,7,214.920,"/home/kranex/dev/rust-metaprogramming/examples/bin/mm 5000"
2026-08-04T22:36:34Z,mm,cuda,5000,8,213.796,"/home/kranex/dev/rust-metaprogramming/examples/bin/mm 5000"
2026-08-04T22:36:35Z,mm,cuda,5000,9,215.176,"/home/kranex/dev/rust-metaprogramming/examples/bin/mm 5000"
2026-08-04T22:36:36Z,mm,cuda,5000,10,218.728,"/home/kranex/dev/rust-metaprogramming/examples/bin/mm 5000"
2026-08-04T22:36:36Z,mm,cuda,5000,11,222.815,"/home/kranex/dev/rust-metaprogramming/examples/bin/mm 5000"
2026-08-04T22:36:37Z,mm,cuda,5000,12,220.982,"/home/kranex/dev/rust-metaprogramming/examples/bin/mm 5000"
2026-08-04T22:36:38Z,mm,cuda,5000,13,218.676,"/home/kranex/dev/rust-metaprogramming/examples/bin/mm 5000"
2026-08-04T22:36:39Z,mm,cuda,5000,14,218.436,"/home/kranex/dev/rust-metaprogramming/examples/bin/mm 5000"
2026-08-04T22:36:39Z,mm,cuda,5000,15,218.863,"/home/kranex/dev/rust-metaprogramming/examples/bin/mm 5000"
2026-08-04T22:36:40Z,mm,cuda,5000,16,223.422,"/home/kranex/dev/rust-metaprogramming/examples/bin/mm 5000"
2026-08-04T22:36:41Z,mm,cuda,5000,17,223.982,"/home/kranex/dev/rust-metaprogramming/examples/bin/mm 5000"
2026-08-04T22:36:41Z,mm,cuda,5000,18,215.961,"/home/kranex/dev/rust-metaprogramming/examples/bin/mm 5000"
2026-08-04T22:36:42Z,mm,cuda,5000,19,215.861,"/home/kranex/dev/rust-metaprogramming/examples/bin/mm 5000"
2026-08-04T22:36:43Z,mm,cuda,5000,20,215.110,"/home/kranex/dev/rust-metaprogramming/examples/bin/mm 5000"
2026-08-04T22:36:44Z,mm,cuda,5000,21,215.706,"/home/kranex/dev/rust-metaprogramming/examples/bin/mm 5000"
2026-08-04T22:36:44Z,mm,cuda,5000,22,216.958,"/home/kranex/dev/rust-metaprogramming/examples/bin/mm 5000"
2026-08-04T22:36:45Z,mm,cuda,5000,23,217.321,"/home/kranex/dev/rust-metaprogramming/examples/bin/mm 5000"
2026-08-04T22:36:46Z,mm,cuda,5000,24,217.349,"/home/kranex/dev/rust-metaprogramming/examples/bin/mm 5000"
2026-08-04T22:36:46Z,mm,cuda,5000,25,222.603,"/home/kranex/dev/rust-metaprogramming/examples/bin/mm 5000"
2026-08-04T22:36:47Z,mm,cuda,5000,26,225.726,"/home/kranex/dev/rust-metaprogramming/examples/bin/mm 5000"
2026-08-04T22:36:48Z,mm,cuda,5000,27,227.214,"/home/kranex/dev/rust-metaprogramming/examples/bin/mm 5000"
2026-08-04T22:36:49Z,mm,cuda,5000,28,222.367,"/home/kranex/dev/rust-metaprogramming/examples/bin/mm 5000"
2026-08-04T22:36:49Z,mm,cuda,5000,29,222.272,"/home/kranex/dev/rust-metaprogramming/examples/bin/mm 5000"
2026-08-04T22:36:50Z,mm,cuda,5000,30,222.409,"/home/kranex/dev/rust-metaprogramming/examples/bin/mm 5000"
2026-08-04T22:36:52Z,mm,rust-gpu,7000,1,518.682,"/home/kranex/dev/rust-metaprogramming/target/debug/demo mm 7000"
2026-08-04T22:36:54Z,mm,rust-gpu,7000,2,519.602,"/home/kranex/dev/rust-metaprogramming/target/debug/demo mm 7000"
2026-08-04T22:36:57Z,mm,rust-gpu,7000,3,528.930,"/home/kranex/dev/rust-metaprogramming/target/debug/demo mm 7000"
2026-08-04T22:36:59Z,mm,rust-gpu,7000,4,522.892,"/home/kranex/dev/rust-metaprogramming/target/debug/demo mm 7000"
2026-08-04T22:37:01Z,mm,rust-gpu,7000,5,537.595,"/home/kranex/dev/rust-metaprogramming/target/debug/demo mm 7000"
2026-08-04T22:37:03Z,mm,rust-gpu,7000,6,521.304,"/home/kranex/dev/rust-metaprogramming/target/debug/demo mm 7000"
2026-08-04T22:37:06Z,mm,rust-gpu,7000,7,516.835,"/home/kranex/dev/rust-metaprogramming/target/debug/demo mm 7000"
2026-08-04T22:37:08Z,mm,rust-gpu,7000,8,539.860,"/home/kranex/dev/rust-metaprogramming/target/debug/demo mm 7000"
2026-08-04T22:37:10Z,mm,rust-gpu,7000,9,530.630,"/home/kranex/dev/rust-metaprogramming/target/debug/demo mm 7000"
2026-08-04T22:37:13Z,mm,rust-gpu,7000,10,540.478,"/home/kranex/dev/rust-metaprogramming/target/debug/demo mm 7000"
2026-08-04T22:37:15Z,mm,rust-gpu,7000,11,526.774,"/home/kranex/dev/rust-metaprogramming/target/debug/demo mm 7000"
2026-08-04T22:37:17Z,mm,rust-gpu,7000,12,565.164,"/home/kranex/dev/rust-metaprogramming/target/debug/demo mm 7000"
2026-08-04T22:37:19Z,mm,rust-gpu,7000,13,534.148,"/home/kranex/dev/rust-metaprogramming/target/debug/demo mm 7000"
2026-08-04T22:37:22Z,mm,rust-gpu,7000,14,564.628,"/home/kranex/dev/rust-metaprogramming/target/debug/demo mm 7000"
2026-08-04T22:37:24Z,mm,rust-gpu,7000,15,532.495,"/home/kranex/dev/rust-metaprogramming/target/debug/demo mm 7000"
2026-08-04T22:37:26Z,mm,rust-gpu,7000,16,517.252,"/home/kranex/dev/rust-metaprogramming/target/debug/demo mm 7000"
2026-08-04T22:37:28Z,mm,rust-gpu,7000,17,538.204,"/home/kranex/dev/rust-metaprogramming/target/debug/demo mm 7000"
2026-08-04T22:37:31Z,mm,rust-gpu,7000,18,525.624,"/home/kranex/dev/rust-metaprogramming/target/debug/demo mm 7000"
2026-08-04T22:37:33Z,mm,rust-gpu,7000,19,520.343,"/home/kranex/dev/rust-metaprogramming/target/debug/demo mm 7000"
2026-08-04T22:37:35Z,mm,rust-gpu,7000,20,538.116,"/home/kranex/dev/rust-metaprogramming/target/debug/demo mm 7000"
2026-08-04T22:37:37Z,mm,rust-gpu,7000,21,527.414,"/home/kranex/dev/rust-metaprogramming/target/debug/demo mm 7000"
2026-08-04T22:37:40Z,mm,rust-gpu,7000,22,542.729,"/home/kranex/dev/rust-metaprogramming/target/debug/demo mm 7000"
2026-08-04T22:37:42Z,mm,rust-gpu,7000,23,549.341,"/home/kranex/dev/rust-metaprogramming/target/debug/demo mm 7000"
2026-08-04T22:37:44Z,mm,rust-gpu,7000,24,520.318,"/home/kranex/dev/rust-metaprogramming/target/debug/demo mm 7000"
2026-08-04T22:37:47Z,mm,rust-gpu,7000,25,538.163,"/home/kranex/dev/rust-metaprogramming/target/debug/demo mm 7000"
2026-08-04T22:37:49Z,mm,rust-gpu,7000,26,533.568,"/home/kranex/dev/rust-metaprogramming/target/debug/demo mm 7000"
2026-08-04T22:37:51Z,mm,rust-gpu,7000,27,532.214,"/home/kranex/dev/rust-metaprogramming/target/debug/demo mm 7000"
2026-08-04T22:37:53Z,mm,rust-gpu,7000,28,521.137,"/home/kranex/dev/rust-metaprogramming/target/debug/demo mm 7000"
2026-08-04T22:37:56Z,mm,rust-gpu,7000,29,520.689,"/home/kranex/dev/rust-metaprogramming/target/debug/demo mm 7000"
2026-08-04T22:37:58Z,mm,rust-gpu,7000,30,534.732,"/home/kranex/dev/rust-metaprogramming/target/debug/demo mm 7000"
2026-08-04T22:37:59Z,mm,cuda,7000,1,612.453,"/home/kranex/dev/rust-metaprogramming/examples/bin/mm 7000"
2026-08-04T22:38:00Z,mm,cuda,7000,2,615.267,"/home/kranex/dev/rust-metaprogramming/examples/bin/mm 7000"
2026-08-04T22:38:02Z,mm,cuda,7000,3,611.907,"/home/kranex/dev/rust-metaprogramming/examples/bin/mm 7000"
2026-08-04T22:38:03Z,mm,cuda,7000,4,589.186,"/home/kranex/dev/rust-metaprogramming/examples/bin/mm 7000"
2026-08-04T22:38:04Z,mm,cuda,7000,5,591.085,"/home/kranex/dev/rust-metaprogramming/examples/bin/mm 7000"
2026-08-04T22:38:06Z,mm,cuda,7000,6,591.209,"/home/kranex/dev/rust-metaprogramming/examples/bin/mm 7000"
2026-08-04T22:38:07Z,mm,cuda,7000,7,590.658,"/home/kranex/dev/rust-metaprogramming/examples/bin/mm 7000"
2026-08-04T22:38:08Z,mm,cuda,7000,8,616.222,"/home/kranex/dev/rust-metaprogramming/examples/bin/mm 7000"
2026-08-04T22:38:10Z,mm,cuda,7000,9,616.761,"/home/kranex/dev/rust-metaprogramming/examples/bin/mm 7000"
2026-08-04T22:38:11Z,mm,cuda,7000,10,603.270,"/home/kranex/dev/rust-metaprogramming/examples/bin/mm 7000"
2026-08-04T22:38:12Z,mm,cuda,7000,11,597.415,"/home/kranex/dev/rust-metaprogramming/examples/bin/mm 7000"
2026-08-04T22:38:14Z,mm,cuda,7000,12,589.351,"/home/kranex/dev/rust-metaprogramming/examples/bin/mm 7000"
2026-08-04T22:38:15Z,mm,cuda,7000,13,590.721,"/home/kranex/dev/rust-metaprogramming/examples/bin/mm 7000"
2026-08-04T22:38:16Z,mm,cuda,7000,14,589.992,"/home/kranex/dev/rust-metaprogramming/examples/bin/mm 7000"
2026-08-04T22:38:18Z,mm,cuda,7000,15,609.971,"/home/kranex/dev/rust-metaprogramming/examples/bin/mm 7000"
2026-08-04T22:38:19Z,mm,cuda,7000,16,607.188,"/home/kranex/dev/rust-metaprogramming/examples/bin/mm 7000"
2026-08-04T22:38:20Z,mm,cuda,7000,17,596.906,"/home/kranex/dev/rust-metaprogramming/examples/bin/mm 7000"
2026-08-04T22:38:21Z,mm,cuda,7000,18,595.801,"/home/kranex/dev/rust-metaprogramming/examples/bin/mm 7000"
2026-08-04T22:38:23Z,mm,cuda,7000,19,591.973,"/home/kranex/dev/rust-metaprogramming/examples/bin/mm 7000"
2026-08-04T22:38:24Z,mm,cuda,7000,20,591.727,"/home/kranex/dev/rust-metaprogramming/examples/bin/mm 7000"
2026-08-04T22:38:25Z,mm,cuda,7000,21,589.579,"/home/kranex/dev/rust-metaprogramming/examples/bin/mm 7000"
2026-08-04T22:38:27Z,mm,cuda,7000,22,588.948,"/home/kranex/dev/rust-metaprogramming/examples/bin/mm 7000"
2026-08-04T22:38:28Z,mm,cuda,7000,23,605.518,"/home/kranex/dev/rust-metaprogramming/examples/bin/mm 7000"
2026-08-04T22:38:29Z,mm,cuda,7000,24,633.712,"/home/kranex/dev/rust-metaprogramming/examples/bin/mm 7000"
2026-08-04T22:38:31Z,mm,cuda,7000,25,611.786,"/home/kranex/dev/rust-metaprogramming/examples/bin/mm 7000"
2026-08-04T22:38:32Z,mm,cuda,7000,26,604.218,"/home/kranex/dev/rust-metaprogramming/examples/bin/mm 7000"
2026-08-04T22:38:33Z,mm,cuda,7000,27,587.864,"/home/kranex/dev/rust-metaprogramming/examples/bin/mm 7000"
2026-08-04T22:38:35Z,mm,cuda,7000,28,591.956,"/home/kranex/dev/rust-metaprogramming/examples/bin/mm 7000"
2026-08-04T22:38:36Z,mm,cuda,7000,29,590.026,"/home/kranex/dev/rust-metaprogramming/examples/bin/mm 7000"
2026-08-04T22:38:37Z,mm,cuda,7000,30,591.444,"/home/kranex/dev/rust-metaprogramming/examples/bin/mm 7000"
2026-08-04T22:38:41Z,mm,rust-gpu,9000,1,1164.181,"/home/kranex/dev/rust-metaprogramming/target/debug/demo mm 9000"
2026-08-04T22:38:45Z,mm,rust-gpu,9000,2,1122.789,"/home/kranex/dev/rust-metaprogramming/target/debug/demo mm 9000"
2026-08-04T22:38:49Z,mm,rust-gpu,9000,3,1151.162,"/home/kranex/dev/rust-metaprogramming/target/debug/demo mm 9000"
2026-08-04T22:38:52Z,mm,rust-gpu,9000,4,1171.547,"/home/kranex/dev/rust-metaprogramming/target/debug/demo mm 9000"
2026-08-04T22:38:56Z,mm,rust-gpu,9000,5,1114.208,"/home/kranex/dev/rust-metaprogramming/target/debug/demo mm 9000"
2026-08-04T22:39:00Z,mm,rust-gpu,9000,6,1157.740,"/home/kranex/dev/rust-metaprogramming/target/debug/demo mm 9000"
2026-08-04T22:39:04Z,mm,rust-gpu,9000,7,1118.290,"/home/kranex/dev/rust-metaprogramming/target/debug/demo mm 9000"
2026-08-04T22:39:07Z,mm,rust-gpu,9000,8,1119.036,"/home/kranex/dev/rust-metaprogramming/target/debug/demo mm 9000"
2026-08-04T22:39:11Z,mm,rust-gpu,9000,9,1129.737,"/home/kranex/dev/rust-metaprogramming/target/debug/demo mm 9000"
2026-08-04T22:39:15Z,mm,rust-gpu,9000,10,1122.978,"/home/kranex/dev/rust-metaprogramming/target/debug/demo mm 9000"
2026-08-04T22:39:19Z,mm,rust-gpu,9000,11,1152.022,"/home/kranex/dev/rust-metaprogramming/target/debug/demo mm 9000"
2026-08-04T22:39:23Z,mm,rust-gpu,9000,12,1229.454,"/home/kranex/dev/rust-metaprogramming/target/debug/demo mm 9000"
2026-08-04T22:39:27Z,mm,rust-gpu,9000,13,1095.034,"/home/kranex/dev/rust-metaprogramming/target/debug/demo mm 9000"
2026-08-04T22:39:30Z,mm,rust-gpu,9000,14,1062.320,"/home/kranex/dev/rust-metaprogramming/target/debug/demo mm 9000"
2026-08-04T22:39:34Z,mm,rust-gpu,9000,15,1057.990,"/home/kranex/dev/rust-metaprogramming/target/debug/demo mm 9000"
2026-08-04T22:39:38Z,mm,rust-gpu,9000,16,1060.709,"/home/kranex/dev/rust-metaprogramming/target/debug/demo mm 9000"
2026-08-04T22:39:41Z,mm,rust-gpu,9000,17,1057.893,"/home/kranex/dev/rust-metaprogramming/target/debug/demo mm 9000"
2026-08-04T22:39:45Z,mm,rust-gpu,9000,18,1060.996,"/home/kranex/dev/rust-metaprogramming/target/debug/demo mm 9000"
2026-08-04T22:39:48Z,mm,rust-gpu,9000,19,1063.198,"/home/kranex/dev/rust-metaprogramming/target/debug/demo mm 9000"
2026-08-04T22:39:52Z,mm,rust-gpu,9000,20,1055.713,"/home/kranex/dev/rust-metaprogramming/target/debug/demo mm 9000"
2026-08-04T22:39:56Z,mm,rust-gpu,9000,21,1062.032,"/home/kranex/dev/rust-metaprogramming/target/debug/demo mm 9000"
2026-08-04T22:39:59Z,mm,rust-gpu,9000,22,1058.025,"/home/kranex/dev/rust-metaprogramming/target/debug/demo mm 9000"
2026-08-04T22:40:03Z,mm,rust-gpu,9000,23,1051.972,"/home/kranex/dev/rust-metaprogramming/target/debug/demo mm 9000"
2026-08-04T22:40:06Z,mm,rust-gpu,9000,24,1056.190,"/home/kranex/dev/rust-metaprogramming/target/debug/demo mm 9000"
2026-08-04T22:40:10Z,mm,rust-gpu,9000,25,1076.376,"/home/kranex/dev/rust-metaprogramming/target/debug/demo mm 9000"
2026-08-04T22:40:14Z,mm,rust-gpu,9000,26,1060.950,"/home/kranex/dev/rust-metaprogramming/target/debug/demo mm 9000"
2026-08-04T22:40:17Z,mm,rust-gpu,9000,27,1059.670,"/home/kranex/dev/rust-metaprogramming/target/debug/demo mm 9000"
2026-08-04T22:40:21Z,mm,rust-gpu,9000,28,1064.283,"/home/kranex/dev/rust-metaprogramming/target/debug/demo mm 9000"
2026-08-04T22:40:25Z,mm,rust-gpu,9000,29,1085.151,"/home/kranex/dev/rust-metaprogramming/target/debug/demo mm 9000"
2026-08-04T22:40:28Z,mm,rust-gpu,9000,30,1167.803,"/home/kranex/dev/rust-metaprogramming/target/debug/demo mm 9000"
2026-08-04T22:40:31Z,mm,cuda,9000,1,1188.018,"/home/kranex/dev/rust-metaprogramming/examples/bin/mm 9000"
2026-08-04T22:40:33Z,mm,cuda,9000,2,1189.522,"/home/kranex/dev/rust-metaprogramming/examples/bin/mm 9000"
2026-08-04T22:40:35Z,mm,cuda,9000,3,1188.686,"/home/kranex/dev/rust-metaprogramming/examples/bin/mm 9000"
2026-08-04T22:40:37Z,mm,cuda,9000,4,1279.921,"/home/kranex/dev/rust-metaprogramming/examples/bin/mm 9000"
2026-08-04T22:40:39Z,mm,cuda,9000,5,1193.953,"/home/kranex/dev/rust-metaprogramming/examples/bin/mm 9000"
2026-08-04T22:40:42Z,mm,cuda,9000,6,1248.130,"/home/kranex/dev/rust-metaprogramming/examples/bin/mm 9000"
2026-08-04T22:40:44Z,mm,cuda,9000,7,1192.184,"/home/kranex/dev/rust-metaprogramming/examples/bin/mm 9000"
2026-08-04T22:40:46Z,mm,cuda,9000,8,1256.525,"/home/kranex/dev/rust-metaprogramming/examples/bin/mm 9000"
2026-08-04T22:40:48Z,mm,cuda,9000,9,1289.023,"/home/kranex/dev/rust-metaprogramming/examples/bin/mm 9000"
2026-08-04T22:40:51Z,mm,cuda,9000,10,1286.625,"/home/kranex/dev/rust-metaprogramming/examples/bin/mm 9000"
2026-08-04T22:40:53Z,mm,cuda,9000,11,1285.820,"/home/kranex/dev/rust-metaprogramming/examples/bin/mm 9000"
2026-08-04T22:40:55Z,mm,cuda,9000,12,1292.172,"/home/kranex/dev/rust-metaprogramming/examples/bin/mm 9000"
2026-08-04T22:40:58Z,mm,cuda,9000,13,1257.684,"/home/kranex/dev/rust-metaprogramming/examples/bin/mm 9000"
2026-08-04T22:41:00Z,mm,cuda,9000,14,1258.903,"/home/kranex/dev/rust-metaprogramming/examples/bin/mm 9000"
2026-08-04T22:41:02Z,mm,cuda,9000,15,1326.701,"/home/kranex/dev/rust-metaprogramming/examples/bin/mm 9000"
2026-08-04T22:41:05Z,mm,cuda,9000,16,1302.446,"/home/kranex/dev/rust-metaprogramming/examples/bin/mm 9000"
2026-08-04T22:41:07Z,mm,cuda,9000,17,1260.901,"/home/kranex/dev/rust-metaprogramming/examples/bin/mm 9000"
2026-08-04T22:41:09Z,mm,cuda,9000,18,1260.993,"/home/kranex/dev/rust-metaprogramming/examples/bin/mm 9000"
2026-08-04T22:41:11Z,mm,cuda,9000,19,1303.992,"/home/kranex/dev/rust-metaprogramming/examples/bin/mm 9000"
2026-08-04T22:41:14Z,mm,cuda,9000,20,1290.243,"/home/kranex/dev/rust-metaprogramming/examples/bin/mm 9000"
2026-08-04T22:41:16Z,mm,cuda,9000,21,1269.924,"/home/kranex/dev/rust-metaprogramming/examples/bin/mm 9000"
2026-08-04T22:41:18Z,mm,cuda,9000,22,1258.030,"/home/kranex/dev/rust-metaprogramming/examples/bin/mm 9000"
2026-08-04T22:41:21Z,mm,cuda,9000,23,1304.438,"/home/kranex/dev/rust-metaprogramming/examples/bin/mm 9000"
2026-08-04T22:41:23Z,mm,cuda,9000,24,1291.144,"/home/kranex/dev/rust-metaprogramming/examples/bin/mm 9000"
2026-08-04T22:41:25Z,mm,cuda,9000,25,1301.544,"/home/kranex/dev/rust-metaprogramming/examples/bin/mm 9000"
2026-08-04T22:41:28Z,mm,cuda,9000,26,1260.638,"/home/kranex/dev/rust-metaprogramming/examples/bin/mm 9000"
2026-08-04T22:41:30Z,mm,cuda,9000,27,1261.799,"/home/kranex/dev/rust-metaprogramming/examples/bin/mm 9000"
2026-08-04T22:41:32Z,mm,cuda,9000,28,1310.108,"/home/kranex/dev/rust-metaprogramming/examples/bin/mm 9000"
2026-08-04T22:41:35Z,mm,cuda,9000,29,1289.092,"/home/kranex/dev/rust-metaprogramming/examples/bin/mm 9000"
2026-08-04T22:41:37Z,mm,cuda,9000,30,1266.000,"/home/kranex/dev/rust-metaprogramming/examples/bin/mm 9000"
